{"lrf": 0.02282645530878469, "ljj": 0.013741351875391076, "rjj": 0.01509524421348449, "gz": 0.026827893968593166, "gzpy": 0.01652905463374658}