{"lrf": 1.4250002778756765e-05, "ljj": 0.0007863816109600001, "rjj": 0, "gz": 0.0021734602914158987}