{"lrf": 0, "ljj": 0, "rjj": 0, "gz": 0.026827893968593166, "gzpy": 0.01652905463374658}