{"lrf": 0.013698829314878964, "ljj": 0.0007863816109600001, "rjj": 0.013249852683424535, "gz": 0.0023553480480626083}