{"lrf": 1.4250002778749924e-05, "ljj": 0.0007863816109600001, "rjj": 0, "gz": 0.00020526315758607067}