{"lrf": 0.0, "ljj": 0.012791818395565702, "rjj": 0.01509524421348449, "gz": 0.024388248678559134, "gzpy": 0.0}