{"lrf": 0.008700416651296273, "ljj": 0.01279538298578082, "rjj": 0.015094289018648418, "gz": 0.02438408586243001, "gzpy": 0.0}