{"lrf": 0.022574105281851435, "ljj": 0.012791818395565702, "rjj": 0.01509524421348449, "gz": 0.024388248678559134, "gzpy": 0.01652905463374658}