{"lrf": 0.054671608590249575, "ljj": 0.014273190678263296, "rjj": 0.013249852683424535, "gz": 0.0023553480480626083}