{"lrf": 0.0, "ljj": 0.0, "rjj": 0.015094289018648418, "gz": 0.02438408586243001, "gzpy": 0.0}