{"balance": 0.01659, "all_balance": 0.19616, "workers": {"MinerJia": 0.0026181560972033725, "MinerHuden01": 0.003811299100086553, "MinerYi1080": 0.0012823257105848904, "MinerYi5700xt": 0.0021060711817272033, "MinerQIU": 0.0023979296362396955, "PMCx299": 0.003446841496201775, "MinerHuden02": 0.0009273767779565115}}