{"balance": 0.0474, "all_balance": 0.0474, "workers": {"MinerYi-5700xt": 0.032115752413079665, "MinerJia": 0.002537670183846552, "MinerYi-1080": 0.007703774447041851, "MinerYi1080": 1.4250002778749924e-05, "DESKTOPAHDKFBI": 0.0007863816109600001, "qiuqiu3070": 0.004242171342293182}}