{"balance": 0.02404, "all_balance": 0.20361, "workers": {"MinerJia": 0.0037631973307204586, "MinerHuden01": 0.005484038586194493, "MinerYi1080": 0.001840535995060351, "MinerYi5700xt": 0.003094198542471599, "MinerQIU": 0.003544579547998387, "PMCx299": 0.0052140016430684355, "MinerHuden02": 0.0010994483544862893}}