{"balance": 0.01741, "all_balance": 0.01741, "workers": {"MinerYi-5700xt": 0.016060413804708917, "MinerJia": 0.0013495861952910824}}