{"balance": 0.02456, "all_balance": 0.02456, "workers": {"MinerYi-5700xt": 0.021981538803577744, "MinerJia": 0.0013495861952910824, "MinerYi-1080": 0.001214624998352426, "MinerYi1080": 1.4250002778749924e-05}}