{"balance": 0.06583, "all_balance": 0.06583, "workers": {"MinerYi-5700xt": 0.036817403211123464, "MinerJia": 0.008200709745266035, "MinerYi-1080": 0.010783098288106948, "MinerYi1080": 1.4250002778749924e-05, "DESKTOPAHDKFBI": 0.0007863816109600001, "qiuqiu3070": 0.009228157141764805}}