{"balance": 0.00533, "all_balance": 0.1849, "workers": {"MinerJia": 0.0008592689087606639, "MinerHuden01": 0.0012498229192721211, "MinerYi1080": 0.0004275328906992241, "MinerYi5700xt": 0.0006748754072901188, "MinerQIU": 0.0008658240580347798, "PMCx299": 0.0009788622570851581, "MinerHuden02": 0.0002738135588579439}}