{"balance": 0.06707, "all_balance": 0.15163, "workers": {"MinerYi-5700xt": 0.0003066651194597314, "MinerJia": 0.010582788042909243, "MinerYi-1080": 0.00025235002693325487, "qiuqiu3070": 0.0009495334798253738, "MinerHuden01": 0.01763851207864932, "MinerHuden02": 0.002439645290034031, "MinerYi1080": 0.006189721824038293, "MinerYi5700xt": 0.009744567694314994, "MinerQIU": 0.00896182511102035, "PMCx299": 0.010014391332815396}}