{"balance": 0.08164, "all_balance": 0.1662, "workers": {"MinerYi-5700xt": 0.0003066651194597314, "MinerJia": 0.01285934079348078, "MinerYi-1080": 0.00025235002693325487, "qiuqiu3070": 0.0009495334798253738, "MinerHuden01": 0.021086566700260843, "MinerHuden02": 0.002439645290034031, "MinerYi1080": 0.007469707921463457, "MinerYi5700xt": 0.011727905809655844, "MinerQIU": 0.011227784891228854, "PMCx299": 0.013330499967657823}}