{"balance": 0.00617, "all_balance": 0.00617, "workers": {"MinerYi-5700xt": 0.00617}}