{"balance": 0.00558, "all_balance": 0.00558, "workers": {"5700xt": 0.0042, "MinerYi-5700xt": 0.0013800000000000002}}