{"balance": 0.01859, "all_balance": 0.01859, "workers": {"MinerYi-5700xt": 0.017240413804708917, "MinerJia": 0.0013495861952910824}}