{"balance": 0.01075, "all_balance": 0.0953, "workers": {"MinerYi-5700xt": 0.0003066651194597314, "MinerJia": 0.0017453401465031243, "MinerYi-1080": 0.00025235002693325487, "qiuqiu3070": 0.0009495334798253738, "MinerHuden01": 0.0035444714862897745, "MinerHuden02": 0.0006941611952260907, "MinerYi1080": 0.0009392758478976208, "MinerYi5700xt": 0.0015843932297799302, "MinerQIU": 0.0007338094680850952}}