{"balance": 0.01329, "all_balance": 0.01329, "workers": {"MinerYi-5700xt": 0.011940413804708918, "MinerJia": 0.0013495861952910824}}