{"balance": 0.01278, "all_balance": 0.09734, "workers": {"MinerYi-5700xt": 0.0003066651194597314, "MinerJia": 0.0017453401465031243, "MinerYi-1080": 0.00025235002693325487, "qiuqiu3070": 0.0009495334798253738, "MinerHuden01": 0.0043513371560910665, "MinerHuden02": 0.0006941611952260907, "MinerYi1080": 0.0012133056990528892, "MinerYi5700xt": 0.002041109648372044, "MinerQIU": 0.0012361975285364207}}