{"balance": 0.04, "all_balance": 0.04, "workers": {"MinerYi-5700xt": 0.029757529177744806, "MinerJia": 0.0013495861952910824, "MinerYi-1080": 0.006225176567119318, "MinerYi1080": 1.4250002778749924e-05, "DESKTOPAHDKFBI": 0.0007863816109600001, "qiuqiu3070": 0.001867076446106043}}