{"balance": 0.05594, "all_balance": 0.05594, "workers": {"MinerYi-5700xt": 0.034254423486647256, "MinerJia": 0.00510074503398189, "MinerYi-1080": 0.009103488662947214, "MinerYi1080": 1.4250002778749924e-05, "DESKTOPAHDKFBI": 0.0007863816109600001, "qiuqiu3070": 0.006680711202684888}}