{"balance": 0.0054, "all_balance": 0.18497, "workers": {"MinerJia": 0.0008699468748442585, "MinerHuden01": 0.0012652466481188577, "MinerYi1080": 0.0004331684839693322, "MinerYi5700xt": 0.0006834771021314702, "MinerQIU": 0.0008767986343466853, "PMCx299": 0.0009922097146896514, "MinerHuden02": 0.0002791525418997412}}