{"balance": 0.08537, "all_balance": 0.16993, "workers": {"MinerYi-5700xt": 0.0003066651194597314, "MinerJia": 0.013444897195903922, "MinerYi-1080": 0.00025235002693325487, "qiuqiu3070": 0.0009495334798253738, "MinerHuden01": 0.02205355358518247, "MinerHuden02": 0.002439645290034031, "MinerYi1080": 0.00783496638594684, "MinerYi5700xt": 0.012275663641700053, "MinerQIU": 0.01150698848254966, "PMCx299": 0.014315736792464671}}