{"balance": 0.04046, "all_balance": 0.12502, "workers": {"MinerYi-5700xt": 0.0003066651194597314, "MinerJia": 0.006284375961863276, "MinerYi-1080": 0.00025235002693325487, "qiuqiu3070": 0.0009495334798253738, "MinerHuden01": 0.011488199964891081, "MinerHuden02": 0.0018045102173711858, "MinerYi1080": 0.00384993982359379, "MinerYi5700xt": 0.00607886184909511, "MinerQIU": 0.005022446047796367, "PMCx299": 0.004433117509170824}}