{"balance": 0.00405, "workers": {"5700xt": 0.00405}}