{"balance": 0.05089, "all_balance": 0.13545, "workers": {"MinerYi-5700xt": 0.0003066651194597314, "MinerJia": 0.008012507017184487, "MinerYi-1080": 0.00025235002693325487, "qiuqiu3070": 0.0009495334798253738, "MinerHuden01": 0.013946635669072413, "MinerHuden02": 0.0019712844081947335, "MinerYi1080": 0.004786835924546655, "MinerYi5700xt": 0.007539389527110045, "MinerQIU": 0.006543657347379111, "PMCx299": 0.006591141480294184}}