{"balance": 0.04578, "all_balance": 0.22536, "workers": {"MinerJia": 0.007310847070997005, "MinerHuden01": 0.010184702525565827, "MinerYi1080": 0.003558098041801557, "MinerYi5700xt": 0.005956578508384381, "MinerQIU": 0.006615392774111885, "PMCx299": 0.010035298320197287, "MinerHuden02": 0.002129082758942061}}