{"balance": 0.04765, "all_balance": 0.13221, "workers": {"MinerYi-5700xt": 0.0003066651194597314, "MinerJia": 0.007450315239321474, "MinerYi-1080": 0.00025235002693325487, "qiuqiu3070": 0.0009495334798253738, "MinerHuden01": 0.013206909644634059, "MinerHuden02": 0.0019712844081947335, "MinerYi1080": 0.004490945516546656, "MinerYi5700xt": 0.007080759387164841, "MinerQIU": 0.005996260084146236, "PMCx299": 0.0059549770937736375}}