{"balance": 0.05939, "all_balance": 0.05939, "workers": {"MinerYi-5700xt": 0.03516158491917848, "MinerJia": 0.006210229975254253, "MinerYi-1080": 0.009681531286347736, "MinerYi1080": 1.4250002778749924e-05, "DESKTOPAHDKFBI": 0.0007863816109600001, "qiuqiu3070": 0.007536022205480781}}