{"balance": 0.0572, "all_balance": 0.14176, "workers": {"MinerYi-5700xt": 0.0003066651194597314, "MinerJia": 0.008978232576414134, "MinerYi-1080": 0.00025235002693325487, "qiuqiu3070": 0.0009495334798253738, "MinerHuden01": 0.015348021266627598, "MinerHuden02": 0.0022820695297160456, "MinerYi1080": 0.005303751648273505, "MinerYi5700xt": 0.008369084639600483, "MinerQIU": 0.007550463987800871, "PMCx299": 0.007869827725349}}