{"balance": 0.02126, "all_balance": 0.02126, "workers": {"MinerYi-5700xt": 0.019359600077403186, "MinerJia": 0.0013495861952910824, "MinerYi-1080": 0.0005365637245269852, "MinerYi1080": 1.4250002778749924e-05}}