{"balance": 0.0156, "all_balance": 0.0156, "workers": {"MinerYi-5700xt": 0.014250413804708918, "MinerJia": 0.0013495861952910824}}