{"balance": 0.01122, "all_balance": 0.01122, "workers": {"MinerYi-5700xt": 0.009870413804708919, "5700xt": 0.0, "lrf1660ti": 0.0, "MinerJia": 0.0013495861952910824, "MinerYi": 0.0}}