{"balance": 0.02829, "all_balance": 0.11285, "workers": {"MinerYi-5700xt": 0.0003066651194597314, "MinerJia": 0.004199357041458586, "MinerYi-1080": 0.00025235002693325487, "qiuqiu3070": 0.0009495334798253738, "MinerHuden01": 0.00846856953046712, "MinerHuden02": 0.0015990307647534346, "MinerYi1080": 0.0027449825025558493, "MinerYi5700xt": 0.004345478165253266, "MinerQIU": 0.003729423568966911, "PMCx299": 0.0017046098003264806}}