{"balance": 0.0412, "all_balance": 0.0412, "workers": {"MinerYi-5700xt": 0.030224195843855918, "MinerJia": 0.0013495861952910824, "MinerYi-1080": 0.006541843234480429, "MinerYi1080": 1.4250002778749924e-05, "DESKTOPAHDKFBI": 0.0007863816109600001, "qiuqiu3070": 0.0022837431126338206}}