{"balance": 0.07804, "all_balance": 0.1626, "workers": {"MinerYi-5700xt": 0.0003066651194597314, "MinerJia": 0.012267133004389872, "MinerYi-1080": 0.00025235002693325487, "qiuqiu3070": 0.0009495334798253738, "MinerHuden01": 0.020276177086754353, "MinerHuden02": 0.002439645290034031, "MinerYi1080": 0.00714243519419073, "MinerYi5700xt": 0.011244788923422079, "MinerQIU": 0.010666745930189894, "PMCx299": 0.012504525944800681}}