{"balance": 0.08002, "all_balance": 0.25959, "workers": {"MinerJia": 0.012294445971223285, "MinerHuden01": 0.018281009982168684, "MinerYi1080": 0.006230814741859148, "MinerYi5700xt": 0.010780304644895126, "MinerQIU": 0.010726104334805742, "PMCx299": 0.018214543984807874, "MinerHuden02": 0.0034927763402401255}}