{"balance": 0.01632, "all_balance": 0.01632, "workers": {"MinerYi-5700xt": 0.01497041380470892, "MinerJia": 0.0013495861952910824}}