{"balance": 0.03155, "all_balance": 0.11611, "workers": {"MinerYi-5700xt": 0.0003066651194597314, "MinerJia": 0.00474762977119652, "MinerYi-1080": 0.00025235002693325487, "qiuqiu3070": 0.0009495334798253738, "MinerHuden01": 0.009253933163153153, "MinerHuden02": 0.0015990307647534346, "MinerYi1080": 0.00302652795980899, "MinerYi5700xt": 0.004775205434626241, "MinerQIU": 0.004233241753290712, "PMCx299": 0.002415882526952596}}