{"balance": 0.02387, "all_balance": 0.20344, "workers": {"MinerJia": 0.0037372618844807356, "MinerHuden01": 0.005445857839546845, "MinerYi1080": 0.0018276091682846263, "MinerYi5700xt": 0.0030721494965330162, "MinerQIU": 0.003519618708693193, "PMCx299": 0.005176058330738921, "MinerHuden02": 0.0010914445717226718}}