{"balance": 0.00174, "all_balance": 0.18131, "workers": {"MinerJia": 0.0003116417910447761, "MinerHuden01": 0.00045880596841791043, "MinerYi1080": 0.00013850746441791047, "MinerYi5700xt": 0.00023373134328358208, "MinerQIU": 0.0003029850728955224, "PMCx299": 0.0002943283599402985}}