{"balance": 0.08962, "all_balance": 0.17418, "workers": {"MinerYi-5700xt": 0.0003066651194597314, "MinerJia": 0.014196059983346864, "MinerYi-1080": 0.00025235002693325487, "qiuqiu3070": 0.0009495334798253738, "MinerHuden01": 0.023061693121003993, "MinerHuden02": 0.002439645290034031, "MinerYi1080": 0.008250082665402761, "MinerYi5700xt": 0.012908221777869875, "MinerQIU": 0.011922104762005581, "PMCx299": 0.015343643774118539}}