{"balance": 0.03785, "all_balance": 0.03785, "workers": {"MinerYi-5700xt": 0.02896072379405701, "MinerJia": 0.0013495861952910824, "MinerYi-1080": 0.0056836710584365025, "MinerYi1080": 1.4250002778749924e-05, "DESKTOPAHDKFBI": 0.0007863816109600001, "qiuqiu3070": 0.0010553873384766563}}