{"balance": 0.02606, "all_balance": 0.02606, "workers": {"MinerYi-5700xt": 0.022886238805675144, "MinerJia": 0.0013495861952910824, "MinerYi-1080": 0.0018099249962550265, "MinerYi1080": 1.4250002778749924e-05}}