{"balance": 0.02772, "all_balance": 0.20729, "workers": {"MinerJia": 0.0042977982812865655, "MinerHuden01": 0.006139152857347522, "MinerYi1080": 0.0020931264102743204, "MinerYi5700xt": 0.003544180146008948, "MinerQIU": 0.004050653192672581, "PMCx299": 0.005972610056708004, "MinerHuden02": 0.0016224790557020604}}