{"balance": 0.00886, "all_balance": 0.18843, "workers": {"MinerJia": 0.0013918120100840105, "MinerHuden01": 0.0020562453314124994, "MinerYi1080": 0.0006861966812055394, "MinerYi5700xt": 0.0011009098938263824, "MinerQIU": 0.0011549188891625277, "PMCx299": 0.0017092070859305755, "MinerHuden02": 0.0007607101083784521}}