{"balance": 0.01424, "all_balance": 0.01424, "workers": {"MinerYi-5700xt": 0.012890413804708917, "MinerJia": 0.0013495861952910824}}