{"balance": 0.02877, "all_balance": 0.02877, "workers": {"MinerYi-5700xt": 0.02453927255980764, "MinerJia": 0.0013495861952910824, "MinerYi-1080": 0.002866891242122531, "MinerYi1080": 1.4250002778749924e-05}}