{"balance": 0.04193, "all_balance": 0.2215, "workers": {"MinerJia": 0.006721770767457062, "MinerHuden01": 0.009394100114022207, "MinerYi1080": 0.003279061896550867, "MinerYi5700xt": 0.005491518266299899, "MinerQIU": 0.006026316470571942, "PMCx299": 0.00926019791982355, "MinerHuden02": 0.0017570345652744748}}