{"balance": 0.0646, "all_balance": 0.24417, "workers": {"MinerJia": 0.010068406061830498, "MinerHuden01": 0.014768369455469384, "MinerYi1080": 0.005111871738309242, "MinerYi5700xt": 0.008721989298874605, "MinerQIU": 0.009168352424504105, "PMCx299": 0.014569657682042665, "MinerHuden02": 0.002191353338969502}}