{"balance": 0.02772, "all_balance": 0.20729, "workers": {"MinerJia": 0.004298982769745251, "MinerHuden01": 0.0061467205772351395, "MinerYi1080": 0.0020943290990920586, "MinerYi5700xt": 0.003545386280152489, "MinerQIU": 0.004052165756061802, "PMCx299": 0.005975380955163558, "MinerHuden02": 0.0016070345625497043}}