{"balance": 0.03821, "all_balance": 0.21778, "workers": {"MinerJia": 0.0060816187691420664, "MinerHuden01": 0.008566317640980866, "MinerYi1080": 0.002967040097183849, "MinerYi5700xt": 0.004998558278372443, "MinerQIU": 0.00541986998436393, "PMCx299": 0.008404116171530016, "MinerHuden02": 0.0017724790584268308}}