{"balance": 0.01477, "all_balance": 0.01477, "workers": {"MinerYi-5700xt": 0.013420413804708918, "MinerJia": 0.0013495861952910824}}