{"balance": 0.07333, "all_balance": 0.07333, "workers": {"MinerYi-5700xt": 0.03876612467545507, "MinerJia": 0.0103778363223336, "MinerYi-1080": 0.01210402430242233, "MinerYi1080": 1.4250002778749924e-05, "DESKTOPAHDKFBI": 0.0007863816109600001, "qiuqiu3070": 0.011062435715221607, "MinerHuden01": 1.3684213242580145e-05, "Huden01": 0.00020526315758607067}}