{"balance": 0.02734, "all_balance": 0.02734, "workers": {"MinerYi-5700xt": 0.023661953091375084, "MinerJia": 0.0013495861952910824, "MinerYi-1080": 0.0023142107105550845, "MinerYi1080": 1.4250002778749924e-05}}