{"balance": 0.05096, "all_balance": 0.05096, "workers": {"MinerYi-5700xt": 0.03303656483772771, "MinerJia": 0.00359980877296642, "MinerYi-1080": 0.008287430357424014, "MinerYi1080": 1.4250002778749924e-05, "DESKTOPAHDKFBI": 0.0007863816109600001, "qiuqiu3070": 0.005235564418143103}}