{"balance": 0.0443, "all_balance": 0.0443, "workers": {"MinerYi-5700xt": 0.031238678607844884, "MinerJia": 0.001589586196251082, "MinerYi-1080": 0.0072239121980776705, "MinerYi1080": 1.4250002778749924e-05, "DESKTOPAHDKFBI": 0.0007863816109600001, "qiuqiu3070": 0.0034471913840876133}}