{"balance": 0.06067, "all_balance": 0.24024, "workers": {"MinerJia": 0.009424998979275992, "MinerHuden01": 0.01386412166518111, "MinerYi1080": 0.004833641646582013, "MinerYi5700xt": 0.008165529125853775, "MinerQIU": 0.008611892251483275, "PMCx299": 0.013578462992654345, "MinerHuden02": 0.002191353338969502}}