{"balance": 0.05416, "all_balance": 0.13872, "workers": {"MinerYi-5700xt": 0.0003066651194597314, "MinerJia": 0.008498953298578247, "MinerYi-1080": 0.00025235002693325487, "qiuqiu3070": 0.0009495334798253738, "MinerHuden01": 0.014622255501639045, "MinerHuden02": 0.0022820695297160456, "MinerYi1080": 0.005043571464651397, "MinerYi5700xt": 0.007958273827679375, "MinerQIU": 0.007030103628772872, "PMCx299": 0.00722622412274467}}