{"balance": 0.08002, "all_balance": 0.25959, "workers": {"MinerJia": 0.012293178618296326, "MinerHuden01": 0.018277893214657597, "MinerYi1080": 0.006232789422582465, "MinerYi5700xt": 0.010784122419427165, "MinerQIU": 0.010715072012694343, "PMCx299": 0.01821008121655412, "MinerHuden02": 0.003506863095787969}}