{"balance": 0.06067, "all_balance": 0.24024, "workers": {"MinerJia": 0.009427919170951813, "MinerHuden01": 0.013868996084881803, "MinerYi1080": 0.004832921560186379, "MinerYi5700xt": 0.008163413234408471, "MinerQIU": 0.008615022758285297, "PMCx299": 0.01358477486721004, "MinerHuden02": 0.002176952324076201}}