{"balance": 0.07107, "all_balance": 0.15562, "workers": {"MinerYi-5700xt": 0.0003066651194597314, "MinerJia": 0.01127196985871685, "MinerYi-1080": 0.00025235002693325487, "qiuqiu3070": 0.0009495334798253738, "MinerHuden01": 0.018545330258488996, "MinerHuden02": 0.002439645290034031, "MinerYi1080": 0.006534312737383006, "MinerYi5700xt": 0.010324931328106567, "MinerQIU": 0.009560325112108536, "PMCx299": 0.010884936788943665}}