{"balance": 0.01785, "all_balance": 0.01785, "workers": {"MinerYi-5700xt": 0.01650041380470892, "MinerJia": 0.0013495861952910824}}