{"balance": 0.01693, "all_balance": 0.01693, "workers": {"MinerYi-5700xt": 0.015580413804708919, "MinerJia": 0.0013495861952910824}}