{"balance": 0.03716, "all_balance": 0.03716, "workers": {"MinerYi-5700xt": 0.02855484144111583, "MinerJia": 0.0013495861952910824, "MinerYi-1080": 0.005426612232201207, "MinerYi1080": 1.4250002778749924e-05, "DESKTOPAHDKFBI": 0.0007863816109600001, "qiuqiu3070": 0.0010283285176531268}}