{"balance": 0.00386, "workers": {"5700xt": 0.00386}}