{"balance": 0.01176, "all_balance": 0.01176, "workers": {"MinerYi-5700xt": 0.010410413804708918, "5700xt": 0.0, "lrf1660ti": 0.0, "MinerJia": 0.0013495861952910824, "MinerYi": 0.0}}