{"balance": 0.0311, "all_balance": 0.0311, "workers": {"MinerYi-5700xt": 0.02599905128030055, "MinerJia": 0.0013495861952910824, "MinerYi-1080": 0.003737112521629618, "MinerYi1080": 1.4250002778749924e-05}}