{"balance": 0.00408, "all_balance": 0.08864, "workers": {"MinerYi-5700xt": 0.0003066651194597314, "MinerJia": 0.000765703460863424, "MinerYi-1080": 0.00025235002693325487, "qiuqiu3070": 0.0008075216428336719, "MinerHuden01": 0.001131011136994422, "MinerHuden02": 0.0003249304292725178, "MinerYi1080": 0.0001254545459107436, "MinerYi5700xt": 0.00037636363773223085}}