{"balance": 0.02537, "all_balance": 0.02537, "workers": {"MinerYi-5700xt": 0.022483738802800145, "MinerJia": 0.0013495861952910824, "MinerYi-1080": 0.0015224249991300266, "MinerYi1080": 1.4250002778749924e-05}}