{"balance": 0.04193, "all_balance": 0.2215, "workers": {"MinerJia": 0.0067207377107471435, "MinerHuden01": 0.00938570089617138, "MinerYi1080": 0.00327840573867924, "MinerYi5700xt": 0.0054901882334532715, "MinerQIU": 0.006026213598907818, "PMCx299": 0.009256274763614318, "MinerHuden02": 0.0017724790584268308}}