{"balance": 0.0771, "all_balance": 0.0771, "workers": {"MinerYi-5700xt": 0.039500559384770095, "MinerJia": 0.011358412041235756, "MinerYi-1080": 0.012634670943862659, "MinerYi1080": 1.4250002778749924e-05, "DESKTOPAHDKFBI": 0.0007863816109600001, "qiuqiu3070": 0.011974417360881916, "MinerHuden01": 0.0006260454979247557, "Huden01": 0.00020526315758607067}}