{"balance": 0.04938, "all_balance": 0.22895, "workers": {"MinerJia": 0.007840509668659788, "MinerHuden01": 0.011034781570213295, "MinerYi1080": 0.0038540071039272063, "MinerYi5700xt": 0.006423509344288602, "MinerQIU": 0.007161594246202012, "PMCx299": 0.010874244727739582, "MinerHuden02": 0.002191353338969502}}