{"balance": 0.0199, "all_balance": 0.0199, "workers": {"MinerYi-5700xt": 0.01855041380470892, "MinerJia": 0.0013495861952910824}}