{"balance": 0.01231, "all_balance": 0.01231, "workers": {"MinerYi-5700xt": 0.010960413804708918, "MinerJia": 0.0013495861952910824}}