{"balance": 0.03396, "all_balance": 0.03396, "workers": {"MinerYi-5700xt": 0.027247945241094855, "MinerJia": 0.0013495861952910824, "MinerYi-1080": 0.004553303614835307, "MinerYi1080": 1.4250002778749924e-05, "DESKTOPAHDKFBI": 0.0007863816109600001, "qiuqiu3070": 8.533335039999929e-06}}