{"balance": 0.02259, "all_balance": 0.02259, "workers": {"MinerYi-5700xt": 0.020689600077403184, "MinerJia": 0.0013495861952910824, "MinerYi-1080": 0.0005365637245269852, "MinerYi1080": 1.4250002778749924e-05}}