{"balance": 0.06898, "all_balance": 0.24855, "workers": {"MinerJia": 0.010699465793246177, "MinerHuden01": 0.01568998806334855, "MinerYi1080": 0.005399756300352223, "MinerYi5700xt": 0.009263129219250826, "MinerQIU": 0.009765668975804234, "PMCx299": 0.015526667229832541, "MinerHuden02": 0.0026353244181654377}}