{"balance": 0.0689, "all_balance": 0.24847, "workers": {"MinerJia": 0.010685072733264606, "MinerHuden01": 0.015668369457562406, "MinerYi1080": 0.005395205068968157, "MinerYi5700xt": 0.009255322630114915, "MinerQIU": 0.009751685755860693, "PMCx299": 0.015502991014213208, "MinerHuden02": 0.002641353340016013}}