{"balance": 0.02136, "all_balance": 0.10592, "workers": {"MinerYi-5700xt": 0.0003066651194597314, "MinerJia": 0.003117552262753369, "MinerYi-1080": 0.00025235002693325487, "qiuqiu3070": 0.0009495334798253738, "MinerHuden01": 0.006790947444584778, "MinerHuden02": 0.0015990307647534346, "MinerYi1080": 0.0021335598109749106, "MinerYi5700xt": 0.00338896056323965, "MinerQIU": 0.0025847531321035845, "PMCx299": 0.0002466473953719134}}