{"balance": 0.07451, "all_balance": 0.15907, "workers": {"MinerYi-5700xt": 0.0003066651194597314, "MinerJia": 0.011699263437090513, "MinerYi-1080": 0.00025235002693325487, "qiuqiu3070": 0.0009495334798253738, "MinerHuden01": 0.01944739447950006, "MinerHuden02": 0.002439645290034031, "MinerYi1080": 0.006850826495976136, "MinerYi5700xt": 0.010799701970743968, "MinerQIU": 0.010114224192020366, "PMCx299": 0.01166039550841656}}