{"balance": 0.0531, "all_balance": 0.23267, "workers": {"MinerJia": 0.00845765252523385, "MinerHuden01": 0.011926210144248845, "MinerYi1080": 0.004162578532214237, "MinerYi5700xt": 0.0069549379186559495, "MinerQIU": 0.007555879956695758, "PMCx299": 0.011851387583981847, "MinerHuden02": 0.002191353338969502}}