{"balance": 0.01812, "all_balance": 0.01812, "workers": {"MinerYi-5700xt": 0.01677041380470892, "MinerJia": 0.0013495861952910824}}