{"balance": 0.01507, "all_balance": 0.01507, "workers": {"MinerYi-5700xt": 0.013720413804708918, "MinerJia": 0.0013495861952910824}}