{"balance": 0.06275, "all_balance": 0.06275, "workers": {"MinerYi-5700xt": 0.036063675827055004, "MinerJia": 0.007265048158590286, "MinerYi-1080": 0.010276167651465258, "MinerYi1080": 1.4250002778749924e-05, "DESKTOPAHDKFBI": 0.0007863816109600001, "qiuqiu3070": 0.0083444767491507}}