{"balance": 0.03332, "all_balance": 0.03332, "workers": {"MinerYi-5700xt": 0.02698341190605486, "MinerJia": 0.0013495861952910824, "MinerYi-1080": 0.004382636949875308, "MinerYi1080": 1.4250002778749924e-05, "DESKTOPAHDKFBI": 0.0005901149460000017}}