{"balance": 0.03532, "all_balance": 0.03532, "workers": {"MinerYi-5700xt": 0.027706945242242355, "MinerJia": 0.0013495861952910824, "MinerYi-1080": 0.0048933036122853065, "MinerYi1080": 1.4250002778749924e-05, "DESKTOPAHDKFBI": 0.0007863816109600001, "qiuqiu3070": 0.0005695333364424999}}