{"balance": 0.01886, "all_balance": 0.10341, "workers": {"MinerYi-5700xt": 0.0003066651194597314, "MinerJia": 0.0025807314518442844, "MinerYi-1080": 0.00025235002693325487, "qiuqiu3070": 0.0009495334798253738, "MinerHuden01": 0.006036496576375417, "MinerHuden02": 0.0015990307647534346, "MinerYi1080": 0.0018578950688261588, "MinerYi5700xt": 0.0029391917752506764, "MinerQIU": 0.0023381057367316714}}