{"balance": 0.05319, "all_balance": 0.23276, "workers": {"MinerJia": 0.008472170655122874, "MinerHuden01": 0.011956136110289641, "MinerYi1080": 0.004170672878882903, "MinerYi5700xt": 0.006968131305529597, "MinerQIU": 0.007569216649136533, "PMCx299": 0.011876720076962244, "MinerHuden02": 0.002176952324076201}}