{"balance": 0.0817, "all_balance": 0.16626, "workers": {"MinerYi-5700xt": 0.0003066651194597314, "MinerJia": 0.012869210923298962, "MinerYi-1080": 0.00025235002693325487, "qiuqiu3070": 0.0009495334798253738, "MinerHuden01": 0.021100073193819287, "MinerHuden02": 0.002439645290034031, "MinerYi1080": 0.007475162466918003, "MinerYi5700xt": 0.01173595775775974, "MinerQIU": 0.011237135540579504, "PMCx299": 0.013344266201372109}}