{"balance": 0.07151, "all_balance": 0.07151, "workers": {"MinerYi-5700xt": 0.03838296677855756, "MinerJia": 0.009912573162401664, "MinerYi-1080": 0.011830340095044412, "MinerYi1080": 1.4250002778749924e-05, "DESKTOPAHDKFBI": 0.0007863816109600001, "qiuqiu3070": 0.010583488350257617}}