{"balance": 0.0646, "all_balance": 0.24417, "workers": {"MinerJia": 0.010071326253506319, "MinerHuden01": 0.014773243875170077, "MinerYi1080": 0.005111151651913608, "MinerYi5700xt": 0.008719873407429302, "MinerQIU": 0.009171482931306128, "PMCx299": 0.014575969556598362, "MinerHuden02": 0.002176952324076201}}