{"balance": 0.02042, "all_balance": 0.19999, "workers": {"MinerJia": 0.003195654954290336, "MinerHuden01": 0.004686411463806671, "MinerYi1080": 0.0015797732860427546, "MinerYi5700xt": 0.0026340290505562, "MinerQIU": 0.003007715143831551, "PMCx299": 0.004385696557620717, "MinerHuden02": 0.0009307195438517729}}