{"balance": 0.06372, "all_balance": 0.14828, "workers": {"MinerYi-5700xt": 0.0003066651194597314, "MinerJia": 0.009993436194159244, "MinerYi-1080": 0.00025235002693325487, "qiuqiu3070": 0.0009495334798253738, "MinerHuden01": 0.01683203059406599, "MinerHuden02": 0.002439645290034031, "MinerYi1080": 0.00587953664195496, "MinerYi5700xt": 0.00923276213875944, "MinerQIU": 0.008589602888798129, "PMCx299": 0.009254437626009842}}