{"balance": 0.06989, "all_balance": 0.06989, "workers": {"MinerYi-5700xt": 0.03798142831978833, "MinerJia": 0.009386419319017045, "MinerYi-1080": 0.011567263169198256, "MinerYi1080": 1.4250002778749924e-05, "DESKTOPAHDKFBI": 0.0007863816109600001, "qiuqiu3070": 0.010154257578257614}}