{"balance": 0.00879, "all_balance": 0.09335, "workers": {"MinerYi-5700xt": 0.0003066651194597314, "MinerJia": 0.0017141401495732044, "MinerYi-1080": 0.00025235002693325487, "qiuqiu3070": 0.0009495334798253738, "MinerHuden01": 0.0027176714880868974, "MinerHuden02": 0.0006941611952260907, "MinerYi1080": 0.0006428758443033818, "MinerYi5700xt": 0.0011163932290311318, "MinerQIU": 0.00040620946756093635}}