{"balance": 0.05255, "all_balance": 0.05255, "workers": {"MinerYi-5700xt": 0.03345498589035929, "MinerJia": 0.0040740193020716835, "MinerYi-1080": 0.008566377723055593, "MinerYi1080": 1.4250002778749924e-05, "DESKTOPAHDKFBI": 0.0007863816109600001, "qiuqiu3070": 0.0056539854707746825}}