{"balance": 0.0195, "all_balance": 0.0195, "workers": {"MinerYi-5700xt": 0.018150413804708918, "MinerJia": 0.0013495861952910824}}