{"balance": 0.03448, "all_balance": 0.21405, "workers": {"MinerJia": 0.005450035403223278, "MinerHuden01": 0.007707992499622148, "MinerYi1080": 0.0026851624319363357, "MinerYi5700xt": 0.004500210840641381, "MinerQIU": 0.0048885254077505975, "PMCx299": 0.007491038851551774, "MinerHuden02": 0.0017570345652744748}}