{"balance": 0.06118, "all_balance": 0.06118, "workers": {"MinerYi-5700xt": 0.0356497667382479, "MinerJia": 0.006779775427580699, "MinerYi-1080": 0.009990713108346249, "MinerYi1080": 1.4250002778749924e-05, "DESKTOPAHDKFBI": 0.0007863816109600001, "qiuqiu3070": 0.007959113112086401}}