{"balance": 0.03453, "all_balance": 0.11909, "workers": {"MinerYi-5700xt": 0.0003066651194597314, "MinerJia": 0.005321319611995856, "MinerYi-1080": 0.00025235002693325487, "qiuqiu3070": 0.0009495334798253738, "MinerHuden01": 0.0100985320922539, "MinerHuden02": 0.0015990307647534346, "MinerYi1080": 0.003313372880208658, "MinerYi5700xt": 0.00525328030195902, "MinerQIU": 0.004265113407925732, "PMCx299": 0.0031808023146850436}}