{"balance": 0.09342, "all_balance": 0.17798, "workers": {"MinerYi-5700xt": 0.0003066651194597314, "MinerJia": 0.014809512899245434, "MinerYi-1080": 0.00025235002693325487, "qiuqiu3070": 0.0009495334798253738, "MinerHuden01": 0.023964832132668815, "MinerHuden02": 0.002439645290034031, "MinerYi1080": 0.008573849485535079, "MinerYi5700xt": 0.01335127110261077, "MinerQIU": 0.01251851731572112, "PMCx299": 0.016263823147966393}}