{"balance": 0.05678, "all_balance": 0.23636, "workers": {"MinerJia": 0.008936088183650878, "MinerHuden01": 0.012958197963893634, "MinerYi1080": 0.004523250201454908, "MinerYi5700xt": 0.007580502438287593, "MinerQIU": 0.007977464074686537, "PMCx299": 0.012637544813950232, "MinerHuden02": 0.002176952324076201}}