{"balance": 0.08147, "all_balance": 0.08147, "workers": {"MinerYi-5700xt": 0.040425332983657164, "MinerJia": 0.012536600805854413, "MinerYi-1080": 0.013306029365954312, "MinerYi1080": 1.4250002778749924e-05, "DESKTOPAHDKFBI": 0.0007863816109600001, "qiuqiu3070": 0.01283160229688519, "MinerHuden01": 0.0013645397763241006, "Huden01": 0.00020526315758607067}}