{"balance": 0.00709, "all_balance": 0.00709, "workers": {"MinerYi-5700xt": 0.00709, "5700xt": 0.0, "lrf1660ti": 0.0, "MinerJia": 0.0, "MinerYi": 0.0}}