{"balance": 0.03036, "all_balance": 0.03036, "workers": {"MinerYi-5700xt": 0.02552545128136615, "MinerJia": 0.0013495861952910824, "MinerYi-1080": 0.003470712520564019, "MinerYi1080": 1.4250002778749924e-05}}