{"balance": 0.00622, "all_balance": 0.00622, "workers": {"MinerYi-5700xt": 0.00622}}