{"balance": 0.02481, "all_balance": 0.10937, "workers": {"MinerYi-5700xt": 0.0003066651194597314, "MinerJia": 0.0036531687027927754, "MinerYi-1080": 0.00025235002693325487, "qiuqiu3070": 0.0009495334798253738, "MinerHuden01": 0.007625878945995923, "MinerHuden02": 0.0015990307647534346, "MinerYi1080": 0.0024328748817987046, "MinerYi5700xt": 0.003877316729435934, "MinerQIU": 0.003167629845986113, "PMCx299": 0.0009555515030187504}}