{"balance": 0.07271, "all_balance": 0.25228, "workers": {"MinerJia": 0.011220853982846028, "MinerHuden01": 0.016442275709934357, "MinerYi1080": 0.005588681634293566, "MinerYi5700xt": 0.0097018070047661, "MinerQIU": 0.01027258418997718, "PMCx299": 0.01630666288858534, "MinerHuden02": 0.003177134589597435}}