{"balance": 0.01281, "all_balance": 0.19238, "workers": {"MinerJia": 0.0020084786785228305, "MinerHuden01": 0.0029229119992184084, "MinerYi1080": 0.0009861966804460465, "MinerYi5700xt": 0.0016009098925605608, "MinerQIU": 0.0017882522175591536, "PMCx299": 0.0025758737537364845, "MinerHuden02": 0.0009273767779565115}}