{"balance": 0.03746, "all_balance": 0.12202, "workers": {"MinerYi-5700xt": 0.0003066651194597314, "MinerJia": 0.0057912252755806725, "MinerYi-1080": 0.00025235002693325487, "qiuqiu3070": 0.0009495334798253738, "MinerHuden01": 0.010789569825990728, "MinerHuden02": 0.0015990307647534346, "MinerYi1080": 0.003575967222843181, "MinerYi5700xt": 0.0056679029438596075, "MinerQIU": 0.004707377556522208, "PMCx299": 0.0038303777842318134}}