{"balance": 0.07618, "all_balance": 0.25575, "workers": {"MinerJia": 0.011803071564106104, "MinerHuden01": 0.017261863067343227, "MinerYi1080": 0.005885032748025766, "MinerYi5700xt": 0.010216134025676329, "MinerQIU": 0.01036212329613653, "PMCx299": 0.017158998958471894, "MinerHuden02": 0.0034927763402401255}}