{"balance": 0.06431, "all_balance": 0.06431, "workers": {"MinerYi-5700xt": 0.03644384389229899, "MinerJia": 0.007736980932492696, "MinerYi-1080": 0.010538352523233636, "MinerYi1080": 1.4250002778749924e-05, "DESKTOPAHDKFBI": 0.0007863816109600001, "qiuqiu3070": 0.008790191038235936}}