{"balance": 0.04578, "all_balance": 0.22536, "workers": {"MinerJia": 0.007309814014287087, "MinerHuden01": 0.010176303307715, "MinerYi1080": 0.00355744188392993, "MinerYi5700xt": 0.005955248475537754, "MinerQIU": 0.006615289902447761, "PMCx299": 0.010031375163988054, "MinerHuden02": 0.002144527252094417}}