{"balance": 0.06084, "all_balance": 0.1454, "workers": {"MinerYi-5700xt": 0.0003066651194597314, "MinerJia": 0.009498232575063485, "MinerYi-1080": 0.00025235002693325487, "qiuqiu3070": 0.0009495334798253738, "MinerHuden01": 0.016167415207044757, "MinerHuden02": 0.002439645290034031, "MinerYi1080": 0.00561890315945493, "MinerYi5700xt": 0.008841811911099893, "MinerQIU": 0.008133494292468325, "PMCx299": 0.00864194893861622}}