{"balance": 0.01352, "all_balance": 0.01352, "workers": {"MinerYi-5700xt": 0.012170413804708919, "MinerJia": 0.0013495861952910824}}