{"balance": 0.03181, "all_balance": 0.03181, "workers": {"MinerYi-5700xt": 0.026428009610675547, "MinerJia": 0.0013495861952910824, "MinerYi-1080": 0.0040181541912546175, "MinerYi1080": 1.4250002778749924e-05}}