{"balance": 0.06842, "all_balance": 0.06842, "workers": {"MinerYi-5700xt": 0.037549075378611865, "MinerJia": 0.008896419316134692, "MinerYi-1080": 0.011279027877962962, "MinerYi1080": 1.4250002778749924e-05, "DESKTOPAHDKFBI": 0.0007863816109600001, "qiuqiu3070": 0.00989484581355173}}