{"balance": 0.02671, "all_balance": 0.02671, "workers": {"MinerYi-5700xt": 0.023276238807235144, "MinerJia": 0.0013495861952910824, "MinerYi-1080": 0.0020699249946950268, "MinerYi1080": 1.4250002778749924e-05}}