{"balance": 0.03644, "all_balance": 0.03644, "workers": {"MinerYi-5700xt": 0.028111764517399853, "MinerJia": 0.0013495861952910824, "MinerYi-1080": 0.005149689155917184, "MinerYi1080": 1.4250002778749924e-05, "DESKTOPAHDKFBI": 0.0007863816109600001, "qiuqiu3070": 0.0010283285176531268}}