{"balance": 0.01606, "all_balance": 0.01606, "workers": {"MinerYi-5700xt": 0.01471041380470892, "MinerJia": 0.0013495861952910824}}