{"balance": 0.01576, "all_balance": 0.10032, "workers": {"MinerYi-5700xt": 0.0003066651194597314, "MinerJia": 0.002043340147496459, "MinerYi-1080": 0.00025235002693325487, "qiuqiu3070": 0.0009495334798253738, "MinerHuden01": 0.00524533715907107, "MinerHuden02": 0.00109149452988387, "MinerYi1080": 0.001544416807956594, "MinerYi5700xt": 0.0025212207577724162, "MinerQIU": 0.0018156419716012376}}