{"balance": 0.05425, "all_balance": 0.05425, "workers": {"MinerYi-5700xt": 0.03381044043143037, "MinerJia": 0.004599473848706395, "MinerYi-1080": 0.008860014088715097, "MinerYi1080": 1.4250002778749924e-05, "DESKTOPAHDKFBI": 0.0007863816109600001, "qiuqiu3070": 0.006179440017409393}}