{"balance": 0.09335, "all_balance": 0.1779, "workers": {"MinerYi-5700xt": 0.0003066651194597314, "MinerJia": 0.01479613973587255, "MinerYi-1080": 0.00025235002693325487, "qiuqiu3070": 0.0009495334798253738, "MinerHuden01": 0.02394790042151436, "MinerHuden02": 0.002439645290034031, "MinerYi1080": 0.008567461149398454, "MinerYi5700xt": 0.01334271532973952, "MinerQIU": 0.012501022377326896, "PMCx299": 0.016246567069895836}}