{"balance": 0.0427, "all_balance": 0.0427, "workers": {"MinerYi-5700xt": 0.030758678605924884, "MinerJia": 0.0013495861952910824, "MinerYi-1080": 0.006903912199997671, "MinerYi1080": 1.4250002778749924e-05, "DESKTOPAHDKFBI": 0.0007863816109600001, "qiuqiu3070": 0.0028871913850476143}}