{"balance": 0.00649, "all_balance": 0.09104, "workers": {"MinerYi-5700xt": 0.0003066651194597314, "MinerJia": 0.001205940149573203, "MinerYi-1080": 0.00025235002693325487, "qiuqiu3070": 0.0009495334798253738, "MinerHuden01": 0.0018552714911668948, "MinerHuden02": 0.0006941611952260907, "MinerYi1080": 0.00038107584738338105, "MinerYi5700xt": 0.0007313932259511307, "MinerQIU": 0.00011360946448093551}}