{"balance": 0.00179, "all_balance": 0.08634, "workers": {"MinerYi-5700xt": 0.00026484693748948356, "MinerJia": 0.0003196428559686589, "MinerYi-1080": 0.00018265305977072053, "qiuqiu3070": 0.0003196428559686589, "MinerHuden01": 0.00042010204350020826, "MinerHuden02": 0.0002831122473022699}}