{"balance": 0.04593, "all_balance": 0.04593, "workers": {"MinerYi-5700xt": 0.03168584675073986, "MinerJia": 0.0020800286752760645, "MinerYi-1080": 0.007440283878727682, "MinerYi1080": 1.4250002778749924e-05, "DESKTOPAHDKFBI": 0.0007863816109600001, "qiuqiu3070": 0.003923209081517639}}