{"balance": 0.02047, "all_balance": 0.02047, "workers": {"MinerYi-5700xt": 0.01886391380599142, "MinerJia": 0.0013495861952910824, "MinerYi-1080": 0.00024224999593874897, "MinerYi1080": 1.4250002778749924e-05}}