{"balance": 0.02034, "all_balance": 0.19992, "workers": {"MinerJia": 0.003185397474250338, "MinerHuden01": 0.004670264615567524, "MinerYi1080": 0.0015740498490188963, "MinerYi5700xt": 0.002624691869035168, "MinerQIU": 0.002997584812928754, "PMCx299": 0.004370634601242794, "MinerHuden02": 0.0009273767779565115}}