{"balance": 0.03827, "all_balance": 0.21785, "workers": {"MinerJia": 0.006094678257548852, "MinerHuden01": 0.00859013536094549, "MinerYi1080": 0.002973555285943829, "MinerYi5700xt": 0.005009139412524353, "MinerQIU": 0.005431382547699577, "PMCx299": 0.008424074570063412, "MinerHuden02": 0.0017570345652744748}}