{"balance": 0.00956, "all_balance": 0.00956, "workers": {"MinerYi-5700xt": 0.008282413797508919, "5700xt": 0.0, "lrf1660ti": 0.0, "MinerJia": 0.0012775862024910825, "MinerYi": 0.0}}