{"balance": 0.0671, "all_balance": 0.0671, "workers": {"MinerYi-5700xt": 0.03719463093464273, "MinerJia": 0.008603085981171732, "MinerYi-1080": 0.01103458343460494, "MinerYi1080": 1.4250002778749924e-05, "DESKTOPAHDKFBI": 0.0007863816109600001, "qiuqiu3070": 0.009467068035841858}}