{"balance": 0.0834, "all_balance": 0.0834, "workers": {"MinerYi-5700xt": 0.04080262621497233, "MinerJia": 0.013044495541321767, "MinerYi-1080": 0.013567232374258683, "MinerYi1080": 1.4250002778749924e-05, "DESKTOPAHDKFBI": 0.0007863816109600001, "qiuqiu3070": 0.013281451925200527, "MinerHuden01": 0.0016982991729218733, "Huden01": 0.00020526315758607067}}