{"balance": 0.03913, "all_balance": 0.03913, "workers": {"MinerYi-5700xt": 0.02943700286195533, "MinerJia": 0.0013495861952910824, "MinerYi-1080": 0.005996229198698265, "MinerYi1080": 1.4250002778749924e-05, "DESKTOPAHDKFBI": 0.0007863816109600001, "qiuqiu3070": 0.0015465501303165684}}