{"balance": 0.03098, "all_balance": 0.21056, "workers": {"MinerJia": 0.004897798283185647, "MinerHuden01": 0.006889152852971374, "MinerYi1080": 0.0023931264067238614, "MinerYi5700xt": 0.004009180148155736, "MinerQIU": 0.004320653192177168, "PMCx299": 0.006707610058359379, "MinerHuden02": 0.0017724790584268308}}