{"balance": 0.07618, "all_balance": 0.25575, "workers": {"MinerJia": 0.011801804211179144, "MinerHuden01": 0.01725874629983214, "MinerYi1080": 0.005887007428749083, "MinerYi5700xt": 0.010219951800208368, "MinerQIU": 0.01035109097402513, "PMCx299": 0.01715453619021814, "MinerHuden02": 0.003506863095787969}}