{"balance": 0.07518, "all_balance": 0.07518, "workers": {"MinerYi-5700xt": 0.039133500564604004, "MinerJia": 0.010850176747865512, "MinerYi-1080": 0.012366435647315946, "MinerYi1080": 1.4250002778749924e-05, "DESKTOPAHDKFBI": 0.0007863816109600001, "qiuqiu3070": 0.011508535008625859, "MinerHuden01": 0.0003154572602638552, "Huden01": 0.00020526315758607067}}