{"balance": 0.08962, "all_balance": 0.17418, "workers": {"MinerYi-5700xt": 0.0003066651194597314, "MinerJia": 0.014195601618203423, "MinerYi-1080": 0.00025235002693325487, "qiuqiu3070": 0.0009495334798253738, "MinerHuden01": 0.02306377486272669, "MinerHuden02": 0.002439645290034031, "MinerYi1080": 0.00825051047284787, "MinerYi5700xt": 0.012908993359203695, "MinerQIU": 0.01191716587737379, "PMCx299": 0.015345759893392144}}