{"balance": 0.02384, "all_balance": 0.02384, "workers": {"MinerYi-5700xt": 0.021543891741930686, "MinerJia": 0.0013495861952910824, "MinerYi-1080": 0.0009322720599994855, "MinerYi1080": 1.4250002778749924e-05}}