{"balance": 0.07278, "all_balance": 0.25235, "workers": {"MinerJia": 0.0112338407928287, "MinerHuden01": 0.016461863065714278, "MinerYi1080": 0.005592725053170217, "MinerYi5700xt": 0.009708441718902928, "MinerQIU": 0.010285200222429604, "PMCx299": 0.016328229729206327, "MinerHuden02": 0.003169699417747961}}