{"balance": 0.07887, "all_balance": 0.07887, "workers": {"MinerYi-5700xt": 0.03990902092323163, "MinerJia": 0.01187277101862037, "MinerYi-1080": 0.01293723504340112, "MinerYi1080": 1.4250002778749924e-05, "DESKTOPAHDKFBI": 0.0007863816109600001, "qiuqiu3070": 0.012186212229651145, "MinerHuden01": 0.0009588660137709083, "Huden01": 0.00020526315758607067}}