{"balance": 0.05775, "all_balance": 0.05775, "workers": {"MinerYi-5700xt": 0.03468391501441083, "MinerJia": 0.005652948422876462, "MinerYi-1080": 0.009394929343487146, "MinerYi1080": 1.4250002778749924e-05, "DESKTOPAHDKFBI": 0.0007863816109600001, "qiuqiu3070": 0.007217575605486814}}