{"balance": 0.04375, "all_balance": 0.12831, "workers": {"MinerYi-5700xt": 0.0003066651194597314, "MinerJia": 0.006815021121099491, "MinerYi-1080": 0.00025235002693325487, "qiuqiu3070": 0.0009495334798253738, "MinerHuden01": 0.012306909643819582, "MinerHuden02": 0.0019712844081947335, "MinerYi1080": 0.0041380043432860765, "MinerYi5700xt": 0.0065337005596109434, "MinerQIU": 0.005325671851774665, "PMCx299": 0.005160859445996158}}