{"balance": 0.02965, "all_balance": 0.02965, "workers": {"MinerYi-5700xt": 0.025102472558540437, "MinerJia": 0.0013495861952910824, "MinerYi-1080": 0.003183691243389731, "MinerYi1080": 1.4250002778749924e-05}}