{"balance": 0.0128, "all_balance": 0.0128, "workers": {"MinerYi-5700xt": 0.011450413804708919, "MinerJia": 0.0013495861952910824}}