{"balance": 0.02802, "all_balance": 0.02802, "workers": {"MinerYi-5700xt": 0.024092157174027313, "MinerJia": 0.0013495861952910824, "MinerYi-1080": 0.002564006627902856, "MinerYi1080": 1.4250002778749924e-05}}