{"balance": 0.05678, "all_balance": 0.23636, "workers": {"MinerJia": 0.008933167991975056, "MinerHuden01": 0.012953323544192942, "MinerYi1080": 0.0045239702878505424, "MinerYi5700xt": 0.0075826183297328965, "MinerQIU": 0.007974333567884514, "PMCx299": 0.012631232939394537, "MinerHuden02": 0.002191353338969502}}