{"balance": 0.04946, "all_balance": 0.22903, "workers": {"MinerJia": 0.007853368812375229, "MinerHuden01": 0.011062311222883031, "MinerYi1080": 0.003861271957509081, "MinerYi5700xt": 0.006435274159725781, "MinerQIU": 0.0071738710308188805, "PMCx299": 0.010896950492611806, "MinerHuden02": 0.002176952324076201}}