{"balance": 0.03448, "all_balance": 0.21405, "workers": {"MinerJia": 0.005448850914764593, "MinerHuden01": 0.00770042477973453, "MinerYi1080": 0.0026839597431185976, "MinerYi5700xt": 0.00449900470649784, "MinerQIU": 0.004887012844361377, "PMCx299": 0.00748826795309622, "MinerHuden02": 0.0017724790584268308}}