{"balance": 0.01281, "all_balance": 0.19238, "workers": {"MinerJia": 0.0020081758137773776, "MinerHuden01": 0.00292306746817998, "MinerYi1080": 0.0009864890829777812, "MinerYi5700xt": 0.0016005919017114954, "MinerQIU": 0.001787218755278907, "PMCx299": 0.002573737434222682, "MinerHuden02": 0.0009307195438517729}}