{"balance": 0.03098, "all_balance": 0.21056, "workers": {"MinerJia": 0.004898982771644332, "MinerHuden01": 0.006896720572858991, "MinerYi1080": 0.0023943290955415995, "MinerYi5700xt": 0.004010386282299277, "MinerQIU": 0.004322165755566388, "PMCx299": 0.006710380956814933, "MinerHuden02": 0.0017570345652744748}}