{"balance": 0.01659, "all_balance": 0.19616, "workers": {"MinerJia": 0.0026178532324579195, "MinerHuden01": 0.0038114545690481247, "MinerYi1080": 0.0012826181131166251, "MinerYi5700xt": 0.002105753190878138, "MinerQIU": 0.002396896173959449, "PMCx299": 0.0034447051766879726, "MinerHuden02": 0.0009307195438517729}}