{"balance": 0.02317, "all_balance": 0.02317, "workers": {"MinerYi-5700xt": 0.021139100078055684, "MinerJia": 0.0013495861952910824, "MinerYi-1080": 0.0006670637238744853, "MinerYi1080": 1.4250002778749924e-05}}