{"balance": 0.01905, "all_balance": 0.01905, "workers": {"MinerYi-5700xt": 0.01770041380470892, "MinerJia": 0.0013495861952910824}}