{"balance": 0.00894, "all_balance": 0.18851, "workers": {"MinerJia": 0.0014039985968512464, "MinerHuden01": 0.0020739535430131834, "MinerYi1080": 0.0006925650330889825, "MinerYi5700xt": 0.0011107184852301641, "MinerQIU": 0.0011667124310017103, "PMCx299": 0.0017246235090558853, "MinerHuden02": 0.0007674284017588396}}