{"balance": 0.0492, "all_balance": 0.0492, "workers": {"MinerYi-5700xt": 0.032580268540707134, "MinerJia": 0.003045734698711277, "MinerYi-1080": 0.007994097025720312, "MinerYi1080": 1.4250002778749924e-05, "DESKTOPAHDKFBI": 0.0007863816109600001, "qiuqiu3070": 0.0047792681211225275}}